meid,url,name,startDate,endDate,price,subject
100,https://Hj.com,MqibQPl,12/11/2020,12/20/2020,36.83,Exhibit MqibQPl
101,https://lX.com,hNutIWZro,12/30/2020,12/31/2020,67.17,Exhibit hNutIWZro
102,https://ZdKZ.com,ZDNUEb,12/8/2020,1/6/2021,79.36,Exhibit ZDNUEb
103,https://hs.com,Mg D I,3/3/2020,3/22/2020,90.09,Exhibit Mg D I
104,https://LhZO.com,nspYpiCe,8/4/2019,8/24/2019,121.2,Exhibit nspYpiCe
105,https://uUUyaP.com,wfYqth,3/5/2020,3/31/2020,72.78,Exhibit wfYqth
106,https://be.com,qNmELX ,11/24/2020,12/22/2020,89.74,Exhibit qNmELX 
107,https://uWbET.com,mLYBXOtQ,10/31/2020,11/14/2020,25.13,Exhibit mLYBXOtQ
108,https://gj.com,yVNnVFl,2/4/2021,12/25/2022,95.57,Exhibit yVNnVFl
109,https://fTYDw.com,rnDVr Y,11/9/2019,11/14/2019,44.07,Exhibit rnDVr Y
110,https://kSdG.com,EYzjhMFY,3/14/2019,4/3/2019,46.34,Exhibit EYzjhMFY
111,https://xCJduG.com,uURIumX,10/17/2020,12/28/2021,87.6,Exhibit uURIumX
112,https://TbkDk.com,PSLvJd,11/16/2019,12/12/2019,81.69,Exhibit PSLvJd
113,https://cjOLp.com,TjYlWw,8/20/2019,8/24/2019,21.32,Exhibit TjYlWw
114,https://oIGxx.com,trP lgL,1/14/2020,2/8/2020,84.43,Exhibit trP lgL
115,https://Us.com,oxtNxFq,10/6/2020,10/11/2020,68.45,Exhibit oxtNxFq
116,https://ZQOs.com,ThzNMX,10/24/2020,10/29/2020,23.47,Exhibit ThzNMX
117,https://SADgJ.com,RqMJWc,6/8/2020,6/20/2020,101.23,Exhibit RqMJWc
118,https://mQyvGj.com,Qmai Y,12/10/2020,12/18/2022,25.28,Exhibit Qmai Y
119,https://eDhen.com,DHCbfl,12/11/2020,12/17/2020,21.99,Exhibit DHCbfl
120,https://jf.com,ShnfXD,1/31/2020,2/2/2020,75.3,Exhibit ShnfXD
121,https://k lg.com,hdGkOzfsK,2/25/2021,3/18/2021,48.35,Exhibit hdGkOzfsK
122,https://qcyrfn.com,PauuHZys,2/10/2021,2/19/2021,96.44,Exhibit PauuHZys
123,https://YHFe.com,SaAAGv,10/24/2021,10/31/2021,109.39,Exhibit SaAAGv
124,https://VGJm.com,fprbmEzr,6/15/2019,6/23/2019,92.79,Exhibit fprbmEzr
125,https://ol.com,EzyiezJn,5/13/2019,5/14/2019,99.02,Exhibit EzyiezJn
126,https://dZ.com, evjLFu,5/30/2020,6/25/2020,22.61,Exhibit  evjLFu
127,https://V u.com,oiUKJDTr,1/6/2019,1/7/2019,30.57,Exhibit oiUKJDTr
128,https://O xpUt.com,SIaAC i,11/30/2020,12/12/2020,86.91,Exhibit SIaAC i
129,https://ZII.com,vxYNtc,3/19/2020,4/3/2020,72.73,Exhibit vxYNtc
130,https://jNGa.com,xaJwUNYz,10/16/2020,10/23/2022,73.05,Exhibit xaJwUNYz
131,https://Csz.com,WYOGjj,6/27/2019,7/23/2019,109.87,Exhibit WYOGjj
132,https://bi.com,YEr FfR,10/5/2021,10/31/2021,98.77,Exhibit YEr FfR
133,https:// DGLNL.com,WHfvnLGX,1/4/2021,1/9/2021,21.45,Exhibit WHfvnLGX
134,https://kwHel.com,XPhrak,2/20/2020,2/25/2020,104.52,Exhibit XPhrak
135,https://wm.com,oWbFpZhU,8/12/2020,9/4/2020,30.2,Exhibit oWbFpZhU
136,https://Syqi.com,xifxNcu,5/24/2021,12/30/2021,102.95,Exhibit xifxNcu
137,https://Lo.com,SfycQy,7/21/2020,7/25/2020,82.13,Exhibit SfycQy
138,https://HlM.com,sdQIxaM,7/5/2021,7/28/2021,99.3,Exhibit sdQIxaM
139,https://eIP.com,BwwvQwKN,5/12/2019,6/3/2019,95.82,Exhibit BwwvQwKN
140,https://FcyrAv.com,gYoQlx,5/2/2019,5/27/2019,112.84,Exhibit gYoQlx
141,https://lguALy.com,wwWlKGu,11/18/2019,11/29/2019,100.44,Exhibit wwWlKGu
142,https://TPx.com,tTxHqSTz,11/2/2020,11/30/2020,76.21,Exhibit tTxHqSTz
143,https://WEfeUW.com,uDYOTBYR,11/6/2021,11/19/2021,39.02,Exhibit uDYOTBYR
144,https://nYn.com,rHLyKbnXg,9/16/2019,9/28/2019,70.71,Exhibit rHLyKbnXg
145,https://BGncsp.com,tsA  jOw,7/6/2020,7/15/2020,47.2,Exhibit tsA  jOw
146,https://ndDT.com,QxQgEdNU,10/25/2020,10/30/2020,77.04,Exhibit QxQgEdNU
147,https://DvK.com,zVyHJSjii,11/21/2020,12/13/2020,112.75,Exhibit zVyHJSjii
148,https://GQgfHH.com,ctyDsexUt,10/13/2021,10/30/2021,122.54,Exhibit ctyDsexUt
149,https://MB.com,TwzSFGw,4/13/2019,5/8/2019,82.44,Exhibit TwzSFGw
150,https://xEEuNm.com,TAasFNuE,12/21/2019,12/30/2019,39.72,Exhibit TAasFNuE
151,https://WM.com,YdkyjTW,8/16/2020,9/8/2020,91.32,Exhibit YdkyjTW
152,https://WwiK.com,RLvIYVpd,10/12/2021,10/28/2021,82.1,Exhibit RLvIYVpd
153,https://ciDliF.com,NIgbKh,11/9/2021,12/4/2021,61.25,Exhibit NIgbKh
154,https://lKDAJe.com,xsPbXyO,8/1/2019,8/2/2019,97.22,Exhibit xsPbXyO
155,https://ACOlS.com,AXHBlMJG,6/13/2019,7/10/2019,40.38,Exhibit AXHBlMJG
156,https://gf.com,QdOzBJ,2/1/2020,2/20/2020,33.32,Exhibit QdOzBJ
157,https://JN.com,nnvwxKwm,4/29/2020,5/20/2020,40.75,Exhibit nnvwxKwm
158,https://pmvyyy.com,rjqJys,6/6/2020,6/17/2020,51.65,Exhibit rjqJys
159,https://FA.com,TmANzNs,10/11/2019,11/3/2019,114.47,Exhibit TmANzNs
160,https://KXlD.com,iCYoLHu,9/22/2021,10/21/2021,105.26,Exhibit iCYoLHu
161,https://Pj .com,qhrWXc H,8/22/2020,9/11/2020,47.82,Exhibit qhrWXc H
162,https://gwgI.com,jKuznR,4/27/2021,5/9/2021,117.73,Exhibit jKuznR
163,https://kevUy.com,zZKlBHSS,4/27/2020,5/1/2020,109.05,Exhibit zZKlBHSS
164,https://nVw.com,wdLNZtztR,8/30/2021,9/11/2021,88.98,Exhibit wdLNZtztR
165,https://AWqv .com,MMIMmWYiW,1/23/2021,1/24/2021,83.94,Exhibit MMIMmWYiW
166,https://afozMc.com,MVvcECGF,5/11/2019,5/17/2019,119.55,Exhibit MVvcECGF
167,https://ipv.com,bZHkltJa,12/12/2019,1/7/2020,115.13,Exhibit bZHkltJa
168,https://xPoy.com,ZwDNRNKuq,1/6/2021,1/21/2021,58.95,Exhibit ZwDNRNKuq
169,https://phN.com,YUKrOkgwa,12/24/2020,1/23/2021,60.16,Exhibit YUKrOkgwa
170,https://XU.com,kRjOQF,9/3/2021,9/21/2021,96.66,Exhibit kRjOQF
171,https://SKxoln.com,cjVBCE,11/1/2020,11/17/2020,122.66,Exhibit cjVBCE
172,https://TUDYBN.com,eWrkJf,3/1/2019,3/10/2019,28.31,Exhibit eWrkJf
173,https://Xz.com,OusBUyKM,9/12/2021,9/18/2021,71.15,Exhibit OusBUyKM
174,https://ZMU.com,DYOkrEA,6/15/2020,7/8/2020,17.38,Exhibit DYOkrEA
175,https://ThN.com,kTUvCE,3/21/2021,3/26/2021,30.78,Exhibit kTUvCE
176,https://JP.com,JXfiiKF,4/10/2020,5/2/2020,123.33,Exhibit JXfiiKF
177,https://flFfZ.com,bprvED,12/28/2020,1/24/2021,44.9,Exhibit bprvED
178,https://fJS.com,OKnuQOT,5/23/2020,6/20/2020,82.16,Exhibit OKnuQOT
179,https://zZ.com,hqSXugDDX,5/20/2019,6/11/2019,48.13,Exhibit hqSXugDDX
180,https://dCB.com,izJZBuje,6/17/2019,7/10/2019,68.18,Exhibit izJZBuje
181,https://PeA.com,ixJ Hx,3/3/2020,3/28/2020,84.46,Exhibit ixJ Hx
182,https://ObZHs.com,hJrORz,10/19/2020,11/10/2020,38.52,Exhibit hJrORz
183,https://XgY.com,dhwSvBoq,6/27/2021,7/13/2021,44.08,Exhibit dhwSvBoq
184,https://BCWP.com,TVwVVInO,12/28/2019,1/16/2020,98.17,Exhibit TVwVVInO
185,https://yLhm.com,snfJda,9/19/2020,9/22/2020,54.1,Exhibit snfJda
186,https://ujRD.com,BuSS M,10/1/2021,10/7/2021,118.97,Exhibit BuSS M
187,https://iJCB.com,RQXhDrqi,5/6/2021,5/14/2021,115.38,Exhibit RQXhDrqi
188,https://rSSKTn.com,pcefKC,10/31/2019,11/9/2019,46.74,Exhibit pcefKC
189,https://XhhqKT.com,HNniEiK,10/11/2021,10/23/2021,80.59,Exhibit HNniEiK
190,https://teoUV.com,RZcDYFMHO,2/9/2020,3/7/2020,47.83,Exhibit RZcDYFMHO
191,https://dLCF.com,OdKJuyXW,6/12/2020,6/13/2020,21.82,Exhibit OdKJuyXW
192,https://Rvm.com,conaapy,2/26/2020,3/22/2020,20.33,Exhibit conaapy
193,https://WBSDuD.com,AfyPYK,12/12/2020,1/5/2021,125.39,Exhibit AfyPYK
194,https://smxL.com,LPojAQ,12/28/2019,1/26/2020,66.01,Exhibit LPojAQ
195,https://UhWrOh.com,TfgQWqW,8/4/2020,8/13/2020,24.47,Exhibit TfgQWqW
196,https://Lb.com,rvEKjDAW,8/15/2020,9/5/2020,104.71,Exhibit rvEKjDAW
197,https://lFWWx.com,vx OHf,12/19/2020,12/27/2020,42.95,Exhibit vx OHf
198,https://CrShC.com,QVRRQgF,2/21/2020,2/25/2020,103.58,Exhibit QVRRQgF
199,https://wAo.com,DwBLpY,7/11/2021,8/2/2021,36.79,Exhibit DwBLpY
200,https://myPp.com,LLrjNd,4/5/2019,4/23/2019,92.59,Exhibit LLrjNd
201,https://Hp.com,pveiov,8/4/2021,8/16/2021,116.7,Exhibit pveiov
202,https://QLCyhQ.com,pLryTeu,8/25/2021,9/13/2021,101.31,Exhibit pLryTeu
203,https://HbmXI.com,FQAPoCCxq,7/27/2021,8/22/2021,59.51,Exhibit FQAPoCCxq
204,https://dG.com,xbgQsuyp,9/27/2021,10/15/2021,66.64,Exhibit xbgQsuyp
205,https://HO.com,HdgoRLSe,2/3/2021,2/14/2021,92.08,Exhibit HdgoRLSe
206,https://ZiMvsn.com,zLAdrRHAs,8/3/2019,9/2/2019,20.6,Exhibit zLAdrRHAs
207,https://EhoNV.com,pRnZZs,7/27/2019,8/13/2019,90.46,Exhibit pRnZZs
208,https://DweWOl.com,QDGmPB,4/14/2020,4/17/2020,50.93,Exhibit QDGmPB
209,https://AV.com,TbhEiyc,2/22/2021,3/23/2021,94.16,Exhibit TbhEiyc
210,https://HQ.com,bATzWtgu,1/18/2021,1/26/2021,64.5,Exhibit bATzWtgu
211,https://EKW.com,iqSeRnO,1/3/2021,1/8/2021,44.05,Exhibit iqSeRnO
212,https://Fhvo.com,ByJTRH,9/13/2019,9/20/2019,125.86,Exhibit ByJTRH
213,https://ZtBJ .com,EkIKfezhU,9/16/2020,9/18/2020,97.18,Exhibit EkIKfezhU
214,https://leuxc.com,KAGuRTwIc,6/12/2020,7/10/2020,118.13,Exhibit KAGuRTwIc
215,https://uvZXYI.com,mqMRxdnP,11/29/2020,12/5/2020,21.86,Exhibit mqMRxdnP
216,https://GM.com,HGnNCTV,2/12/2020,2/18/2020,75.14,Exhibit HGnNCTV
217,https://hugtLq.com,YnaqKr,5/25/2020,6/20/2020,70.48,Exhibit YnaqKr
218,https://rxcgU.com,tQuHFzo,10/13/2020,10/14/2020,17.21,Exhibit tQuHFzo
219,https://qjka.com,qrfYEV,8/22/2019,8/25/2019,77.24,Exhibit qrfYEV
220,https://uWs.com,deGdvdMvN,7/16/2019,7/18/2019,32.39,Exhibit deGdvdMvN
221,https://ji.com,aMQ NsF,5/29/2021,5/31/2021,39.86,Exhibit aMQ NsF
222,https://HqFyY.com,XUSKHvpMO,6/2/2021,6/22/2021,40.4,Exhibit XUSKHvpMO
223,https://MT.com,zbBvMgIip,12/30/2020,1/6/2021,84.72,Exhibit zbBvMgIip
224,https://tQuV.com,ctTIUmD,3/4/2020,3/5/2020,53.77,Exhibit ctTIUmD
225,https://vHzOZx.com,JQoHHPQb,8/30/2021,9/17/2021,102.98,Exhibit JQoHHPQb
226,https://jMGP.com,NxtjDPeW,5/30/2021,6/28/2021,27.03,Exhibit NxtjDPeW
227,https://yf.com,jDVEmkxCi,2/21/2021,3/9/2021,41.43,Exhibit jDVEmkxCi
228,https://pax.com,eijNFxG,7/3/2019,7/13/2019,80,Exhibit eijNFxG
229,https://IPWPA.com,ynKChSnE,1/25/2020,2/14/2020,113.3,Exhibit ynKChSnE
230,https://MZPsAL.com,MpoFTHPUS,10/17/2019,11/1/2019,92.55,Exhibit MpoFTHPUS
231,https://AjpRNo.com,qLc egwX,11/28/2019,12/7/2019,92.98,Exhibit qLc egwX
232,https://odhVOY.com,aTDAwDLa,1/8/2020,1/10/2020,108.63,Exhibit aTDAwDLa
233,https://mCo.com,IqfNGBATj,6/3/2021,6/13/2021,67.96,Exhibit IqfNGBATj
234,https://vj.com,gywQPHXC,6/6/2021,6/16/2021,112.97,Exhibit gywQPHXC
235,https://lX.com,yxcEyd,5/17/2020,6/14/2020,37.8,Exhibit yxcEyd
236,https://rWRlf.com,QkTfCdm,5/18/2021,5/27/2021,107.42,Exhibit QkTfCdm
237,https://vcPFa.com,llb ctKh,8/18/2020,9/8/2020,32.21,Exhibit llb ctKh
238,https://fOst.com,wfcnDccd ,4/3/2020,4/25/2020,114.15,Exhibit wfcnDccd 
239,https://rK.com,np zIGaJ,9/3/2021,9/21/2021,73.94,Exhibit np zIGaJ
240,https://OfcytA.com,hoIjQe,9/3/2021,9/29/2021,17.59,Exhibit hoIjQe
241,https://TlyHa.com,PknCpR,7/3/2019,7/28/2019,96.2,Exhibit PknCpR
242,https://jE.com,JFHvjpna,9/25/2020,10/3/2020,57.27,Exhibit JFHvjpna
243,https://gLO.com,lpkALsTop,7/14/2019,8/1/2019,44.06,Exhibit lpkALsTop
244,https://rUt.com,QAOKexGG,5/29/2019,6/12/2019,15.47,Exhibit QAOKexGG
245,https://euznb.com,bjLtIm,8/12/2021,9/3/2021,107.2,Exhibit bjLtIm
246,https://hIjCX.com,gDqnto,3/29/2020,4/26/2020,75.29,Exhibit gDqnto
247,https://ybKAP.com,wzuyfd,12/1/2020,12/28/2020,103.1,Exhibit wzuyfd
248,https://JsyYeA.com,txdQTg,4/1/2021,4/22/2021,70.92,Exhibit txdQTg
249,https://lmSZfL.com,u ljqwHA,7/19/2020,8/1/2020,102.61,Exhibit u ljqwHA
250,https://odGYe.com,OEfUeqpQ,8/21/2020,8/31/2020,51.27,Exhibit OEfUeqpQ
251,https://LzLd.com,FNlo j,5/7/2019,5/15/2019,31.11,Exhibit FNlo j
252,https://TlxSZh.com,l PAmhrb,9/25/2020,10/24/2020,106.77,Exhibit l PAmhrb
253,https://gCb.com,UHZeEAO,3/10/2019,3/18/2019,24.19,Exhibit UHZeEAO
254,https://sg.com,zC Ofe,11/3/2020,11/28/2020,50.28,Exhibit zC Ofe
255,https://gvwe.com,zJwXRs,8/20/2021,9/5/2021,101.43,Exhibit zJwXRs
256,https://Jw.com,gMiPmC,7/20/2019,8/10/2019,48.26,Exhibit gMiPmC
257,https://coLckq.com,lmkTXz,11/17/2020,12/2/2020,45.57,Exhibit lmkTXz
258,https://DDkSm.com,aeXOijjnX,6/24/2021,7/14/2021,38.89,Exhibit aeXOijjnX
259,https://fFm.com,NALhbhW,12/21/2019,12/24/2019,105.17,Exhibit NALhbhW
260,https://gFyBYh.com,EshpgUU,1/17/2019,1/19/2019,117.52,Exhibit EshpgUU
261,https://XF.com,UKPwLXvTJ,4/4/2019,4/14/2019,61.25,Exhibit UKPwLXvTJ
262,https://WQd.com,spuvGtRrq,10/22/2020,11/17/2020,102.36,Exhibit spuvGtRrq
263,https://QqZNdf.com,Gualizoi,6/26/2021,7/24/2021,47.03,Exhibit Gualizoi
264,https://ImL.com,mtBwwoMTp,3/7/2020,3/20/2020,77.72,Exhibit mtBwwoMTp
265,https://LsPdU .com,vCKG pIlQ,11/10/2020,12/4/2020,78.66,Exhibit vCKG pIlQ
266,https://PAhM.com,NeNCWqCCm,6/8/2019,7/3/2019,85.03,Exhibit NeNCWqCCm
267,https://TVOTp.com,mwoHcRmO,2/25/2021,3/5/2021,24.14,Exhibit mwoHcRmO
268,https://YV.com,yxPmecAoU,6/23/2020,7/13/2020,121.35,Exhibit yxPmecAoU
269,https://ylYrYM.com,ka DOkT,11/15/2019,12/12/2019,108.29,Exhibit ka DOkT
270,https://xzb.com,nHsDtALp,3/26/2020,4/5/2020,18.85,Exhibit nHsDtALp
271,https://SRpT.com,YyGCrJG,7/5/2019,7/15/2019,120.18,Exhibit YyGCrJG
272,https://LiM.com,cPTRKjyu,4/12/2021,5/12/2021,97.1,Exhibit cPTRKjyu
273,https://nOC.com,uYnJPnIKv,7/26/2020,7/31/2020,92.17,Exhibit uYnJPnIKv
274,https://pZk.com,AOqLYuVv,10/19/2019,11/14/2019,86.51,Exhibit AOqLYuVv
275,https://B zQS.com,ESoqTUjZ,2/12/2021,3/3/2021,43.44,Exhibit ESoqTUjZ
276,https://sval.com,AUwdoCTv,11/11/2019,11/22/2019,86.82,Exhibit AUwdoCTv
277,https://ZdfZ.com, eYKxLpX,8/14/2021,8/28/2021,56.64,Exhibit  eYKxLpX
278,https://uT.com,GDMKDBaH,3/2/2019,3/8/2019,66.76,Exhibit GDMKDBaH
279,https://qufm.com,lWYKxdav,2/13/2021,3/11/2021,105.38,Exhibit lWYKxdav
280,https://VevFnK.com,KDytLhXa,6/23/2020,6/27/2020,120.57,Exhibit KDytLhXa
281,https://AMDCn.com,vhVXyS,6/19/2019,6/22/2019,97.92,Exhibit vhVXyS
282,https:// vkoSb.com,kHczeuuek,2/8/2020,3/1/2020,109.68,Exhibit kHczeuuek
283,https://p ytEX.com,GmpxMgeR,6/1/2020,6/21/2020,124.05,Exhibit GmpxMgeR
284,https://Jo.com, MsKMVvQ,5/1/2020,5/18/2020,40.09,Exhibit  MsKMVvQ
285,https://MkgbA.com,epkSJxzsI,3/7/2020,3/27/2020,30.34,Exhibit epkSJxzsI
286,https://jH.com,MbEwqq,11/23/2019,12/1/2019,122.91,Exhibit MbEwqq
287,https://gzWhNx.com,JUVFS Qxj,6/20/2019,6/30/2019,51.88,Exhibit JUVFS Qxj
288,https://yau.com,OGxSuT,3/21/2021,4/13/2021,66.24,Exhibit OGxSuT
289,https://Dlj.com,MDbsHi,11/3/2020,11/28/2020,124.79,Exhibit MDbsHi
290,https://mBP.com,HqldoPqQ,4/4/2021,4/29/2021,67.45,Exhibit HqldoPqQ
291,https://UCo.com,XZdFrGs,1/18/2021,2/15/2021,25.24,Exhibit XZdFrGs
292,https://wzcfR.com,UiaoHqUZ,12/15/2019,1/13/2020,50.39,Exhibit UiaoHqUZ
293,https://bWmbzB.com,SMbLEEMa,12/21/2020,1/15/2021,38.62,Exhibit SMbLEEMa
294,https://mvsswu.com,fjKcmxL,10/22/2019,10/29/2019,56.83,Exhibit fjKcmxL
295,https://Uak.com,abHWKOv,4/28/2020,5/13/2020,103.78,Exhibit abHWKOv
296,https://MHDCdS.com,hhTnXaxep,5/1/2021,5/13/2021,93.15,Exhibit hhTnXaxep
297,https://qbg.com,kOuIFrGN,11/29/2019,12/20/2019,79.7,Exhibit kOuIFrGN
298,https://zSfeb.com,pcxleFw,5/10/2020,5/26/2020,114.35,Exhibit pcxleFw
299,https://QAXmQU.com,uJmDvz,2/15/2021,3/16/2021,48.51,Exhibit uJmDvz
300,https://YrGf.com,hXTzIno,1/27/2020,2/21/2020,46.09,Exhibit hXTzIno
301,https://AaSl.com,HRlUijuJ,5/19/2021,2/24/2020,74.51,Exhibit HRlUijuJ
302,https://crnr.com,cCFFoF,4/23/2020,1/31/2020,94.44,Exhibit cCFFoF
303,https://jS.com,cWRFtaka,4/6/2019,2/5/2020,24.09,Exhibit cWRFtaka
304,https://RJyAqs.com,ByRzn b ,3/16/2021,2/17/2020,99.16,Exhibit ByRzn b 
305,https://LNNGOQ.com,WlXtLXt,7/7/2019,2/25/2020,92.06,Exhibit WlXtLXt
306,https://DIAmo.com,kpFLdWJ,9/16/2021,2/25/2020,98.47,Exhibit kpFLdWJ
307,https://MkO.com,UJgku r,2/20/2021,2/22/2020,102.64,Exhibit UJgku r
308,https://tOehza.com,Rzsbizuxj,12/26/2020,2/2/2020,48.44,Exhibit Rzsbizuxj
309,https://EMVjvz.com,EnWhDjKY,9/30/2019,2/19/2020,32.96,Exhibit EnWhDjKY
310,https://EtqdN.com,kHDXq  w,3/9/2021,2/14/2020,116.9,Exhibit kHDXq  w
311,https://TJTlW.com,KaMKiKheS,2/17/2020,2/8/2020,48.15,Exhibit KaMKiKheS
312,https://URk.com,oeGjHdcha,6/28/2019,2/6/2020,108.42,Exhibit oeGjHdcha
313,https://MFY .com,nYusqL,6/6/2020,2/10/2020,77.62,Exhibit nYusqL
314,https://nUG.com,zlCDDQZs,2/25/2021,2/23/2020,113.06,Exhibit zlCDDQZs
315,https:// Ocws.com,zEQljM,3/15/2019,2/18/2020,71.12,Exhibit zEQljM
316,https://EtyF.com,YDUDWJL,12/1/2020,2/25/2020,25.43,Exhibit YDUDWJL
317,https://VRMSA.com,lPRBOJHZX,1/2/2020,2/18/2020,97.17,Exhibit lPRBOJHZX
318,https://pAYx.com,FBYwyqPML,1/30/2021,2/23/2020,67.03,Exhibit FBYwyqPML
319,https://Re.com,KB jmRxAe,1/12/2021,1/29/2020,61.91,Exhibit KB jmRxAe
320,https://yP.com,rMfyNEQ,9/25/2020,2/18/2020,61.18,Exhibit rMfyNEQ
321,https://QmOul.com,ApgoS ,11/22/2021,2/1/2020,118.42,Exhibit ApgoS 
322,https://ZmwMt.com,CJssyqVLz,12/16/2019,1/28/2020,21.84,Exhibit CJssyqVLz
323,https://JQTRdU.com,JQoffws,2/12/2021,1/30/2020,73.84,Exhibit JQoffws
324,https://nMuZK.com,zcnzLMA,10/28/2019,2/2/2020,95.84,Exhibit zcnzLMA
325,https://pMZ.com,yfmUNhk,5/4/2021,2/19/2020,17.16,Exhibit yfmUNhk
326,https://cjdEiV.com,jEPDkKxH,10/4/2021,2/5/2020,94.46,Exhibit jEPDkKxH
327,https:// pS.com,LBheaKpO,6/7/2020,2/21/2020,66.78,Exhibit LBheaKpO
328,https://XnrRIE.com,aCpdGsaxy,6/1/2021,2/7/2020,93.94,Exhibit aCpdGsaxy
329,https://UO.com,vqrKcRRN,4/9/2021,2/13/2020,50.66,Exhibit vqrKcRRN
330,https://lIkXF.com,QPtIbC,12/31/2018,2/2/2020,31.2,Exhibit QPtIbC
331,https://bg.com,lJzqLBRbq,4/6/2019,2/12/2020,23.12,Exhibit lJzqLBRbq
332,https://ynTH.com,XJTxKR,1/12/2020,2/16/2020,82.8,Exhibit XJTxKR
333,https://pjx.com,FWfCY exF,5/25/2021,2/25/2020,34.94,Exhibit FWfCY exF
334,https://KE.com,ftQrFpgZi,2/15/2021,2/7/2020,23.28,Exhibit ftQrFpgZi
335,https://fAnW.com,Adotbhiym,8/3/2019,2/2/2020,86.63,Exhibit Adotbhiym
336,https://jLymAz.com,uyqFkA,3/5/2019,2/17/2020,71.17,Exhibit uyqFkA
337,https://STJ.com,WtvPphp,1/22/2020,2/10/2020,77.22,Exhibit WtvPphp
338,https://IzD.com,nHzwhTTHj,11/30/2019,2/24/2020,50.02,Exhibit nHzwhTTHj
339,https://ZMU.com,OfoaFQtNd,8/25/2021,1/29/2020,84.8,Exhibit OfoaFQtNd
340,https://ylkj.com,ZUvvMaHkc,10/30/2021,1/31/2020,56.04,Exhibit ZUvvMaHkc
341,https://rBn.com,wDQoYXz,12/1/2020,2/26/2020,67.27,Exhibit wDQoYXz
342,https://cxalj.com,XzHTuri,7/30/2021,2/24/2020,121.03,Exhibit XzHTuri
343,https://XeeO.com,OSeaTh,4/11/2020,2/2/2020,15.47,Exhibit OSeaTh
344,https://Mp.com,AUwOvlYT,2/14/2020,2/1/2020,112.65,Exhibit AUwOvlYT
345,https://sxIM.com,lbDXqUq,11/7/2021,2/9/2020,60.86,Exhibit lbDXqUq
346,https://izMF.com,KQPevUhL,4/6/2019,2/22/2020,42.39,Exhibit KQPevUhL
347,https://ZspsMR.com,drxxgaPp,7/5/2019,2/19/2020,27.59,Exhibit drxxgaPp
348,https://zMnz.com,QpblgKII,3/22/2020,2/15/2020,28.6,Exhibit QpblgKII
349,https://F b.com,HhkMcMhnR,2/26/2019,2/23/2020,76.76,Exhibit HhkMcMhnR
350,https://wCD.com,nUdnNqY,10/20/2020,1/30/2020,77.64,Exhibit nUdnNqY
351,https://CKEd.com,DsyVlnst,8/26/2020,2/18/2020,22.4,Exhibit DsyVlnst
352,https://lDkIPV.com,emUXdbT,1/4/2020,1/30/2020,16.53,Exhibit emUXdbT
353,https://Bj.com,XdCCjIb,5/25/2019,2/21/2020,51.82,Exhibit XdCCjIb
354,https://kaW.com,aiFQKev,9/30/2021,2/3/2020,77.5,Exhibit aiFQKev
355,https://UBZq.com,PyCCzab,6/2/2020,2/14/2020,59.63,Exhibit PyCCzab
356,https://LiE.com,NOOdFTOx,10/12/2019,2/5/2020,25.38,Exhibit NOOdFTOx
357,https://w LK.com,BZGGbcM,8/20/2020,2/15/2020,30.76,Exhibit BZGGbcM
358,https://dyo.com,JoR wwj,6/2/2019,2/18/2020,57.17,Exhibit JoR wwj
359,https://dQbzq.com,bSNgSRm,6/14/2021,2/26/2020,35.22,Exhibit bSNgSRm
360,https://MN .com,NPnbYojN,4/7/2020,2/18/2020,123.63,Exhibit NPnbYojN
361,https://xVeo.com,EjjZssTp,1/22/2021,2/9/2020,47.85,Exhibit EjjZssTp
362,https://pVStB.com,RGieqX,3/9/2021,2/3/2020,116.39,Exhibit RGieqX
363,https://khLmH.com,EcSlXWTN,9/20/2021,2/6/2020,45.37,Exhibit EcSlXWTN
364,https://pj.com,HKCDRQFXl,7/18/2021,1/31/2020,23.89,Exhibit HKCDRQFXl
365,https://mv.com,AkFFXJpzZ,2/27/2020,2/10/2020,97.77,Exhibit AkFFXJpzZ
366,https://SfLUYu.com,QBDjUKMM,6/7/2019,2/13/2020,119.06,Exhibit QBDjUKMM
367,https://pYsrDQ.com, rgsgpWke,11/14/2020,2/21/2020,115.76,Exhibit  rgsgpWke
368,https://uu.com,MtDEpjt,11/18/2020,2/11/2020,112.2,Exhibit MtDEpjt
369,https://JIrvS.com,DtxTEpfK,3/26/2021,2/24/2020,73.13,Exhibit DtxTEpfK
370,https://cE.com,vfuyL gM,7/28/2019,2/20/2020,96.78,Exhibit vfuyL gM
371,https://nVbCgp.com,zuIlkSqEu,1/29/2020,2/21/2020,44.04,Exhibit zuIlkSqEu
372,https://zFo.com,QRvfWWSmW,11/14/2020,2/7/2020,110.78,Exhibit QRvfWWSmW
373,https://dm.com,ypVERsLuc,10/4/2021,2/10/2020,45.7,Exhibit ypVERsLuc
374,https://TDmS.com,nPClShb,2/12/2019,2/26/2020,17.22,Exhibit nPClShb
375,https://saXvz.com,ZdAzCLd,4/10/2019,2/25/2020,39.92,Exhibit ZdAzCLd
376,https://ad.com,iwYpIV,11/9/2020,2/1/2020,117.56,Exhibit iwYpIV
377,https://GVys.com,mTFryU,9/1/2020,2/12/2020,16.89,Exhibit mTFryU
378,https://oG.com,WizmpU,8/26/2021,2/18/2020,92.66,Exhibit WizmpU
379,https://RqRM.com,pKCnkcN,3/3/2020,2/3/2020,48.51,Exhibit pKCnkcN
380,https://PEmX.com,xzyTXNq,11/21/2021,2/26/2020,110.31,Exhibit xzyTXNq
381,https://dg .com,enBamFyX,6/27/2019,2/17/2020,40.38,Exhibit enBamFyX
382,https://oNR.com,deyUnri,12/14/2020,2/18/2020,122.44,Exhibit deyUnri
383,https://XwBqKl.com,iEDFFuw,6/26/2020,1/30/2020,41.39,Exhibit iEDFFuw
384,https://TAeXNv.com,HVrQxMbd,9/11/2020,2/26/2020,116.16,Exhibit HVrQxMbd
385,https://vT.com,TUNhmjRIh,10/3/2019,2/27/2020,84.97,Exhibit TUNhmjRIh
386,https://fgxaa.com,I kbgXVer,12/16/2019,2/19/2020,72.45,Exhibit I kbgXVer
387,https://SXy.com,C qPtX,4/22/2021,1/31/2020,110.81,Exhibit C qPtX
388,https://hUzs.com,LAcCxRVC,2/2/2021,2/1/2020,91.44,Exhibit LAcCxRVC
389,https://vW.com,OYozJhx,5/17/2019,2/10/2020,57.6,Exhibit OYozJhx
390,https://aUcur.com,vCJMpvrY,3/4/2020,2/15/2020,19.53,Exhibit vCJMpvrY
391,https://gvL.com,xijItJPYb,4/26/2020,2/21/2020,24.63,Exhibit xijItJPYb
392,https://WgeIW.com,AGTvzjxji,10/28/2020,2/4/2020,20.44,Exhibit AGTvzjxji
393,https://ea S.com,SkHdVqp ,8/7/2019,2/24/2020,37.6,Exhibit SkHdVqp 
394,https:// AhhGh.com,YeDXt Y,6/15/2019,2/20/2020,107.17,Exhibit YeDXt Y
395,https://RYFRr.com,ohOZtg,11/18/2021,2/17/2020,39.34,Exhibit ohOZtg
396,https://oGrxgi.com,nKeEhbw,6/30/2019,2/10/2020,43.61,Exhibit nKeEhbw
397,https://JRc.com,lhWzzCS,8/18/2021,2/3/2020,77.79,Exhibit lhWzzCS
398,https://Zi.com,BcCVJaR,8/29/2021,2/5/2020,84.55,Exhibit BcCVJaR
399,https://qgPKe.com,PuTQazNz,10/24/2021,2/16/2020,81.78,Exhibit PuTQazNz
